,step,amount,oldbalanceOrg,newbalanceOrig,oldbalanceDest,newbalanceDest,encoded_type
0,0.85002077,-1.4639361,4.126808,1.7150233,0.051154274,-0.54025185,0.10949516
1,0.47181192,-2.2921765,6.050619,1.7603108,0.10811635,0.973832,-3.2984068
2,-0.7708257,0.8696629,-0.40406418,-7.291167,0.053925287,0.3221034,-1.775854
3,0.5639116,-0.4659434,2.2388752,-10.286351,0.045241192,-0.1335561,-0.09263937
4,-0.7889769,-1.6056224,-5.539095,0.23872153,-0.58093375,-0.34581932,-1.6087341
