step,amount,oldbalanceOrg,newbalanceOrig,oldbalanceDest,newbalanceDest,encoded_type,prediction,actual,transaction_type
0.85002077,222097.11,4.126808,1.7150233,0.051154274,-0.54025185,0.10949516,1,1,CASH_OUT
0.47181192,561948.38,6.050619,1.7603108,0.10811635,0.973832,-3.2984068,1,1,TRANSFER
-0.7708257,5401.53,-0.40406418,-7.291167,0.053925287,0.3221034,-1.775854,0,0,PAYMENT
0.5639116,33354.78,2.2388752,-10.286351,0.045241192,-0.1335561,-0.09263937,0,0,CASH_IN
-0.7889769,2210702.71,-5.539095,0.23872153,-0.58093375,-0.34581932,-1.6087341,0,0,TRANSFER
